{"schemaVersion":"1.0","appDefinitionTemplate":{"id":"/providers/Microsoft.PowerApps/apps/","type":"Microsoft.PowerApps/apps","tags":{"primaryDeviceWidth":"1366","primaryDeviceHeight":"768","supportsPortrait":"true","supportsLandscape":"true","primaryFormFactor":"Tablet","showStatusBar":"false","publisherVersion":"3.24101.10","minimumRequiredApiVersion":"2.2.0","hasComponent":"false","hasUnlockedComponent":"false","isUnifiedRootApp":"false","sienaVersion":"20241020T141412Z-3.24101.10.0"},"properties":{"appVersion":"2024-10-20T14:14:12Z","lifeCycleId":"Published","createdByClientVersion":{"major":3,"minor":24101,"build":10,"revision":0,"majorRevision":0,"minorRevision":0},"minClientVersion":{"major":3,"minor":24101,"build":10,"revision":0,"majorRevision":0,"minorRevision":0},"backgroundColor":"RGBA(0,176,240,1)","backgroundImageUri":"/8366587470523725171/N6de05f3c-ebcc-426e-868b-f44a608e27f6-logoSmallFile","displayName":"LDS Server - User Administration","description":"","commitMessage":"","appUris":{"documentUri":{"value":"/8366587470523725171/N7aabf5f8-428b-4527-8728-76f6aa04674d-document.msapp"},"imageUris":[],"additionalUris":[{"isSolutionAware":false,"value":"/8366587470523725171/N111014a2-58bf-4d8d-9eca-c8a7364e03c3-identity.json"}]},"createdTime":"0001-01-01T00:00:00Z","lastModifiedTime":"0001-01-01T00:00:00Z","sharedGroupsCount":0,"sharedUsersCount":0,"connectionReferences":{"6d148135-fc4d-45e1-acaf-26537e86a067":{"id":"33766283-2ee2-4c11-aae0-472d46f4396c","displayName":"Logic flows","iconUri":"https://connectoricons-prod.azureedge.net/releases/v1.0.1719/1.0.1719.3955/logicflows/icon.png","dataSources":["GetCognosUsers"],"dependencies":["94cbdcdc-3a69-49fe-aa66-00e8ead52173"],"dependents":[],"parameterHints":{"workflowName":{"value":"b97111d2-5b17-4532-bed8-3b005c0f1c0f"},"workflowEntityId":{},"workflowDisplayName":{"value":"GetCognosUsers"},"94cbdcdc-3a69-49fe-aa66-00e8ead52173":{"value":"shared_azureautomation"}},"parameterHintsV2":{"workflowName":{"value":"b97111d2-5b17-4532-bed8-3b005c0f1c0f"},"workflowEntityId":{},"workflowDisplayName":{"value":"GetCognosUsers"},"shared_azureautomation":{"value":"94cbdcdc-3a69-49fe-aa66-00e8ead52173"}},"isOnPremiseConnection":false,"bypassConsent":false,"dataSets":{},"apiTier":"Standard","isCustomApiConnection":false,"nestedActions":[{"id":"/providers/Microsoft.PowerApps/apis/shared_azureautomation/apiOperations/CreateJob","apiName":"Azure Automation","actionName":"CreateJob","referencedResources":[]},{"id":"/providers/Microsoft.PowerApps/apis/shared_azureautomation/apiOperations/GetJobOutput","apiName":"Azure Automation","actionName":"GetJobOutput","referencedResources":[]}]},"94cbdcdc-3a69-49fe-aa66-00e8ead52173":{"id":"93704bdf-36c1-4a17-8138-85fcfa07576d","displayName":"Azure Automation","iconUri":"https://connectoricons-prod.azureedge.net/releases/v1.0.1685/1.0.1685.3700/azureautomation/icon.png","dataSources":[],"dependencies":[],"dependents":["6d148135-fc4d-45e1-acaf-26537e86a067"],"parameterHints":{},"parameterHintsV2":{},"isOnPremiseConnection":false,"bypassConsent":false,"dataSets":{},"apiTier":"Premium","isCustomApiConnection":false,"authenticationType":"oauthDefault"}},"databaseReferences":{"default.cds":{"databaseDetails":{"referenceType":"Environmental","environmentName":"default.cds","overrideValues":{"status":"NotSpecified","environmentVariableName":""}},"dataSources":{"CognosUsers":{"entitySetName":"crf98_table1s","logicalName":"crf98_table1","isHidden":false}},"actions":["providers/PowerPlatform.Governance/Operations/Read"]}},"almMode":"Environment","performanceOptimizationEnabled":false,"canConsumeAppPass":false,"enableModernRuntimeMode":false,"executionRestrictions":{"isTeamsOnly":false,"dataLossPreventionEvaluationResult":{"status":"Compliant","lastEvaluationDate":"2024-10-20T14:14:16.861651Z","violations":[],"violationsByPolicy":[],"violationErrorMessage":"The app uses the following connectors: shared_logicflows, shared_azureautomation, shared_commondataservice."},"httpActionRestriction":{"appUsesSharepointHttpAction":false,"enforcementStrategy":"Legacy","evaluationTime":"2024-10-20T14:14:16.8615402Z"}}},"appType":"ClassicCanvasApp","appComponents":[]}}