{"name":"86866e81-44df-4ff3-b499-bd623a4e6dd5","id":"/providers/Microsoft.Flow/flows/86866e81-44df-4ff3-b499-bd623a4e6dd5","type":"Microsoft.Flow/flows","properties":{"apiId":"/providers/Microsoft.PowerApps/apis/shared_logicflows","displayName":"GetCognosUsers","definition":{"metadata":{"workflowEntityId":null,"processAdvisorMetadata":null,"flowChargedByPaygo":null,"flowclientsuspensionreason":"None","flowclientsuspensiontime":null,"flowclientsuspensionreasondetails":null,"creator":{"id":"ca851242-c442-4523-ac94-1a242911f852","type":"User","tenantId":"ef894bc2-da64-4e75-ac15-bf05d8ea1854"},"provisioningMethod":"FromDefinition","failureAlertSubscription":true,"clientLastModifiedTime":"2024-10-19T14:07:45.8697122Z","connectionKeySavedTimeKey":"2024-10-19T14:07:45.8697122Z"},"$schema":"https://schema.management.azure.com/providers/Microsoft.Logic/schemas/2016-06-01/workflowdefinition.json#","contentVersion":"1.0.0.0","parameters":{"$connections":{"defaultValue":{},"type":"Object"},"$authentication":{"defaultValue":{},"type":"SecureObject"}},"triggers":{"manual":{"metadata":{"operationMetadataId":"04803b6a-78ee-4af1-bf3b-e9f4198c3121"},"type":"Request","kind":"PowerAppV2","inputs":{"schema":{"type":"object","properties":{},"required":[]}}}},"actions":{"Create_job":{"runAfter":{},"metadata":{"operationMetadataId":"a0bc2abf-5269-484d-9a66-fa44bbd5f711"},"type":"OpenApiConnection","inputs":{"host":{"apiId":"/providers/Microsoft.PowerApps/apis/shared_azureautomation","connectionName":"shared_azureautomation","operationId":"CreateJob"},"parameters":{"subscriptionId":"6b3cc301-3244-4e86-be13-d9c5dfaa48cc","resourceGroupName":"ProjectNova_Automation","automationAccount":"ProjectNovaAuto","runbookName":"ListLDAPUsers","wait":true,"body/properties/runOn":"Cognos"},"authentication":{"value":"@json(decodeBase64(triggerOutputs().headers['X-MS-APIM-Tokens']))['$ConnectionKey']","type":"Raw"}}},"Get_job_output":{"runAfter":{"Create_job":["Succeeded"]},"metadata":{"operationMetadataId":"f5162dc2-7505-4c3b-8ca6-b9a26dc53f51"},"type":"OpenApiConnection","inputs":{"host":{"apiId":"/providers/Microsoft.PowerApps/apis/shared_azureautomation","connectionName":"shared_azureautomation","operationId":"GetJobOutput"},"parameters":{"subscriptionId":"6b3cc301-3244-4e86-be13-d9c5dfaa48cc","resourceGroupName":"ProjectNova_Automation","automationAccount":"ProjectNovaAuto","jobId":"@outputs('Create_job')?['body/properties/jobId']"},"authentication":{"value":"@json(decodeBase64(triggerOutputs().headers['X-MS-APIM-Tokens']))['$ConnectionKey']","type":"Raw"}}},"Parse_JSON":{"runAfter":{"Get_job_output":["Succeeded"]},"metadata":{"operationMetadataId":"dad78892-8b99-448f-b210-eef0fe467960"},"type":"ParseJson","inputs":{"content":"@body('Get_job_output')","schema":{}}},"Respond_to_a_Power_App_or_flow":{"runAfter":{"Parse_JSON":["Succeeded"]},"metadata":{"operationMetadataId":"9ec3aca0-7e3f-4c9c-bdab-23159c0d2ade"},"type":"Response","kind":"PowerApp","inputs":{"statusCode":200,"body":{"output":"@{body('Parse_JSON')}"},"schema":{"type":"object","properties":{"output":{"title":"output","x-ms-dynamically-added":true,"type":"string"}}}}}}},"connectionReferences":{"shared_azureautomation":{"connectionName":"shared-azureautomati-fa953d57-8f1f-46be-a481-9ac5ce2ba5c9","source":"Invoker","id":"/providers/Microsoft.PowerApps/apis/shared_azureautomation","tier":"NotSpecified"}},"flowFailureAlertSubscribed":false,"isManaged":false}}